{
  "movies": [
    {
      "id": 1,
      "movieName": "True Grit",
      "director": "Joel and Ethan Coen",
      "rating": "9.6"
    },
    {
      "id": 2,
      "movieName": "The Guard",
      "director": "John Michael McDonagh",
      "rating": "9.4"
    },
    {
      "id": 3,
      "movieName": "E.T",
      "director": "Steven Spielberg",
      "rating": "9.8"
    },
    {
      "id": 4,
      "movieName": "Moonrise Kingdom",
      "director": "Wes Anderson",
      "rating": "9.4"
    },
    {
      "id": 5,
      "movieName": "Gravity",
      "director": "Alfonso Cuarón",
      "rating": "9.6"
    },
    {
      "movieName": "Shawshank Redemption",
      "director": "Franklin",
      "rating": "9.4",
      "id": 6
    },
    {
      "movieName": "Sherlock Holmes",
      "director": "Franklin",
      "rating": "10",
      "id": 7
    },
    {
      "id": 9,
      "movieName": "True Grit",
      "director": "Joel and Ethan Coen",
      "rating": "9.6"
    }
  ]
}